Dahili Uydu Alıcı,Ekran Boyutu,Enerji Sınıfı,Garanti Süresi,Garanti Tipi,Görüntü Kalitesi,Görüntüleme Teknolojisi,HDR,Kurulum Gerekli mi?,Model Yılı,Renk,Smart TV,Wi-Fi,Çözünürlük (Piksel),urls,prices
Var,"43"" / 109 Ekran",A,2 Yıl,LG TR Garantili,4K Ultra HD,LED,Var,Evet,2020,Siyah,Var,Var,3840 x 2160,https://www.trendyol.com/onvo/ov43250-43-109-ekran-uydu-alicili-full-hd-smart-led-tv-p-51814939?boutiqueId=595952&merchantId=440470,3.664 TL
Var,"43"" / 109 Ekran",A,2 Yıl,LG TR Garantili,4K Ultra HD,LED,Var,Evet,2020,Siyah,Var,Var,3840 x 2160,https://www.trendyol.com/vestel/55ua9600-55-139-ekran-uydu-alicili-4k-ultra-hd-smart-led-tv-p-51505871?boutiqueId=595952&merchantId=454021,7.999 TL
Var,"43"" / 109 Ekran",A,2 Yıl,LG TR Garantili,4K Ultra HD,LED,Var,Evet,2020,Siyah,Var,Var,3840 x 2160,https://www.trendyol.com/lg/50nano756pa-50-127-ekran-uydu-alicili-4k-ultra-hd-smart-led-tv-p-134046594?boutiqueId=595953&merchantId=185209,10.400 TL
Var,"43"" / 109 Ekran",A,2 Yıl,LG TR Garantili,4K Ultra HD,LED,Var,Evet,2020,Siyah,Var,Var,3840 x 2160,https://www.trendyol.com/sunny/woon-wn43dlk010-43-109-ekran-uydu-alicili-full-hd-led-tv-p-32727224?boutiqueId=595951&merchantId=105236,2.919 TL
Var,"43"" / 109 Ekran",A,2 Yıl,LG TR Garantili,4K Ultra HD,LED,Var,Evet,2020,Siyah,Var,Var,3840 x 2160,https://www.trendyol.com/philips/43pus7505-43-109-ekran-uydu-alicili-4k-ultra-hd-smart-led-tv-p-48985419?boutiqueId=595952&merchantId=105354,5.699 TL
Var,"43"" / 109 Ekran",A,2 Yıl,LG TR Garantili,4K Ultra HD,LED,Var,Evet,2020,Siyah,Var,Var,3840 x 2160,https://www.trendyol.com/skytech/slt-2430c-24-61-ekran-full-hd-dahili-uydu-alicili-led-tv-p-37278344?boutiqueId=595951&merchantId=469868,1.525 TL
Var,"43"" / 109 Ekran",A,2 Yıl,LG TR Garantili,4K Ultra HD,LED,Var,Evet,2020,Siyah,Var,Var,3840 x 2160,https://www.trendyol.com/samsung/50au7000-50-125-ekran-uydu-alicili-crystal-4k-ultra-hd-smart-led-tv-p-132828732?boutiqueId=595952&merchantId=106803,9.415 TL
Var,"43"" / 109 Ekran",A,2 Yıl,LG TR Garantili,4K Ultra HD,LED,Var,Evet,2020,Siyah,Var,Var,3840 x 2160,https://www.trendyol.com/onvo/ov32150-32-81-ekran-uydu-alicili-hd-ready-smart-led-tv-p-48244830?boutiqueId=595949&merchantId=111379,2.419 TL
Var,"43"" / 109 Ekran",A,2 Yıl,LG TR Garantili,4K Ultra HD,LED,Var,Evet,2020,Siyah,Var,Var,3840 x 2160,https://www.trendyol.com/lg/43nano756pa-43-109-ekran-uydu-alicili-4k-ultra-hd-nanocell-smart-led-tv-p-131445628?boutiqueId=595952&merchantId=288442,"7.698,94 TL"
Var,"43"" / 109 Ekran",A,2 Yıl,LG TR Garantili,4K Ultra HD,LED,Var,Evet,2020,Siyah,Var,Var,3840 x 2160,https://www.trendyol.com/awox/b205500s-55-139-ekran-uydu-alicili-4k-ultra-hd-smart-led-tv-cercevesiz-p-36686643?boutiqueId=595951&merchantId=203227,"4.799,90 TL"
Var,"43"" / 109 Ekran",A,2 Yıl,LG TR Garantili,4K Ultra HD,LED,Var,Evet,2020,Siyah,Var,Var,3840 x 2160,https://www.trendyol.com/altus/al43-b-850-5b-43-109-ekran-uydu-alicili-4k-ultra-hd-smart-led-tv-p-205038045?boutiqueId=595950&merchantId=459758,4.185 TL
Var,"43"" / 109 Ekran",A,2 Yıl,LG TR Garantili,4K Ultra HD,LED,Var,Evet,2020,Siyah,Var,Var,3840 x 2160,https://www.trendyol.com/regal/43r654fc-43-109-ekran-uydu-alicili-full-hd-smart-led-tv-p-79647521?boutiqueId=595951&merchantId=506280,4.430 TL
Var,"43"" / 109 Ekran",A,2 Yıl,LG TR Garantili,4K Ultra HD,LED,Var,Evet,2020,Siyah,Var,Var,3840 x 2160,https://www.trendyol.com/vestel/58u9500-58-147-ekran-uydu-alicili-4k-ultra-hd-smart-led-tv-p-34578692?boutiqueId=595951&merchantId=107416,8.198 TL
Var,"43"" / 109 Ekran",A,2 Yıl,LG TR Garantili,4K Ultra HD,LED,Var,Evet,2020,Siyah,Var,Var,3840 x 2160,https://www.trendyol.com/philips/55pus7805-55-139-ekran-uydu-alicili-4k-ultra-hd-smart-led-tv-p-44924777?boutiqueId=595953&merchantId=149208,9.879 TL
Var,"43"" / 109 Ekran",A,2 Yıl,LG TR Garantili,4K Ultra HD,LED,Var,Evet,2020,Siyah,Var,Var,3840 x 2160,https://www.trendyol.com/vestel/50ua9600-50-127-ekran-uydu-alicili-4k-ultra-hd-smart-led-tv-p-51682980?boutiqueId=595951&merchantId=409337,7.099 TL
Var,"43"" / 109 Ekran",A,2 Yıl,LG TR Garantili,4K Ultra HD,LED,Var,Evet,2020,Siyah,Var,Var,3840 x 2160,https://www.trendyol.com/sunny/sn39dal13-39-99-ekran-hd-android-led-tv-p-88590365?boutiqueId=595951&merchantId=112435,3.049 TL
Var,"43"" / 109 Ekran",A,2 Yıl,LG TR Garantili,4K Ultra HD,LED,Var,Evet,2020,Siyah,Var,Var,3840 x 2160,https://www.trendyol.com/awox/b206500s-65-165-ekran-uydu-alicili-4k-ultra-hd-android-smart-led-tv-p-118299353?boutiqueId=595951&merchantId=203227,6.249 TL
Var,"43"" / 109 Ekran",A,2 Yıl,LG TR Garantili,4K Ultra HD,LED,Var,Evet,2020,Siyah,Var,Var,3840 x 2160,https://www.trendyol.com/lg/43lm6370pla-43-108-ekran-full-hd-smart-led-tv-p-132143753?boutiqueId=595951&merchantId=291632,5.799 TL
Var,"43"" / 109 Ekran",A,2 Yıl,LG TR Garantili,4K Ultra HD,LED,Var,Evet,2020,Siyah,Var,Var,3840 x 2160,https://www.trendyol.com/tcl/50p615-50-127-ekran-android-uydu-alicili-4k-ultra-hd-smart-led-tv-p-104938778?boutiqueId=595952&merchantId=105354,6.799 TL
Var,"43"" / 109 Ekran",A,2 Yıl,LG TR Garantili,4K Ultra HD,LED,Var,Evet,2020,Siyah,Var,Var,3840 x 2160,https://www.trendyol.com/samsung/50q60a-50-125-ekran-uydu-alicili-4k-ultra-hd-smart-qled-tv-p-132120014?boutiqueId=595952&merchantId=116967,10.889 TL
Var,"43"" / 109 Ekran",A,2 Yıl,LG TR Garantili,4K Ultra HD,LED,Var,Evet,2020,Siyah,Var,Var,3840 x 2160,https://www.trendyol.com/onvo/ov43f250-43-109-ekran-uydu-alicili-full-hd-android-smart-led-tv-p-188043616?boutiqueId=595951&merchantId=147861,3.828 TL
Var,"43"" / 109 Ekran",A,2 Yıl,LG TR Garantili,4K Ultra HD,LED,Var,Evet,2020,Siyah,Var,Var,3840 x 2160,https://www.trendyol.com/samsung/50au9000-50-127-ekran-uydu-alicili-crystal-4k-ultra-hd-smart-led-tv-p-132828744?boutiqueId=595952&merchantId=306346,9.999 TL
Var,"43"" / 109 Ekran",A,2 Yıl,LG TR Garantili,4K Ultra HD,LED,Var,Evet,2020,Siyah,Var,Var,3840 x 2160,https://www.trendyol.com/vestel/32h9510-32-81-ekran-uydu-alicili-hd-ready-smart-led-tv-p-77427702?boutiqueId=595948&merchantId=275331,3.099 TL
Var,"43"" / 109 Ekran",A,2 Yıl,LG TR Garantili,4K Ultra HD,LED,Var,Evet,2020,Siyah,Var,Var,3840 x 2160,https://www.trendyol.com/lg/43un71006-43-109-ekran-uydu-alicili-4k-ultra-hd-smart-led-tv-p-43221412?boutiqueId=595953&merchantId=184919,6.819 TL
